insert into mathematician values ('Gauss','Carl','Gauss',1777,1855,'German');
insert into mathematician values ('Newton','Isaac','Newton',1643,1727,'English');
insert into mathematician values ('Leibniz','Gottfried','von Leibniz',1646,1716,'German');
insert into mathematician values ('Bernoulli','Jacob','Bernoulli',1654,1705,'Swiss');
insert into mathematician values ('Riemann','Berhnard','Riemann',1826,1866,'German');
insert into mathematician values ('Euler','Leonhard','Euler',1707,1783,'Swiss');
insert into mathematician values ('l''Hopital','Guillaume','de l''Hopital',1661,1704,'French');
insert into mathematician values ('Lagrange','Joseph-Louis','Lagrange',1736,1813,'Italian');
insert into mathematician values ('Johann Bernoulli','Johann','Bernoulli',1667,1748,'Swiss');
insert into mathematician values ('Laplace','Pierre-Simon','Laplace',1749,1827,'French');
insert into mathematician values ('Bayes','Thomas','Bayes',1701,1761,'English');
insert into mathematician values ('Fermat','Pierre','de Fermat',1607,1665,'French');
insert into mathematician values ('Pascal','Blaise','Pascal',1623,1662,'French');
insert into mathematician values ('Monge','Gaspard','Monge',1746,1818,'French');
insert into mathematician values ('Johann Lambert','Johann','Lambert',1728,1777,'Swiss');
insert into mathematician values ('Legendre','Adrien-Marie','Legendre',1752,1833,'French');
insert into mathematician values ('Fourier','Joseph','Fourier',1768,1830,'French');
insert into mathematician values ('Argand','Jean-Robert','Argand',1768,1822,'Swiss');
insert into mathematician values ('Galois','Evariste','Galois',1811,1832,'French');
insert into mathematician values ('Dirichlet','Johann','Dirichlet',1805,1859,'German');
insert into mathematician values ('Cauchy','Augustin-Louis','Cauchy',1789,1857,'French');
insert into mathematician values ('de Moivre','Abraham','de Moivre',1667,1754,'French');
insert into mathematician values ('Abel','Niels','Abel',1802,1829,'Norwegian');
insert into mathematician values ('James Gregory','James','Gregory',1638,1675,'Scottish');
insert into mathematician values ('Bolzano','Bernard','Bolzano',1781,1848,'Bohemian');
insert into mathematician values ('Green','George','Green',1793,1841,'English');
insert into mathematician (knownas) values ('Euclid');
insert into mathematician (knownas) values ('Poisson');
insert into mathematician (knownas, firstname) values ('Cantor', 'George');
insert into mathematician (knownas, firstname) values ('Boole', 'George');
insert into mathematician (knownas) values ('Dedekind');
insert into mathematician (knownas) values ('Kirchhoff');
insert into mathematician (knownas) values ('Pythagoras');
insert into mathematician (knownas) values ('Carmichael');
insert into mathematician (knownas) values ('Stokes');
insert into mathematician (knownas) values ('Barrow');
insert into mathematician (knownas) values ('Ruffini');
insert into mathematician (knownas) values ('Ostrogradsky');
insert into mathematician (knownas) values ('Markov');
insert into mathematician (knownas) values ('Germain');
insert into mathematician (knownas) values ('Lambert');
insert into mathematician (knownas) values ('Wilson');
insert into mathematician (knownas) values ('Lindeberg');
insert into mathematician (knownas) values ('Levy');
insert into mathematician (knownas) values ('Pfaff');
insert into mathematician (knownas) values ('Pandora Gohn');
insert into mathematician (knownas) values ('Mordecai Woollcott');
insert into mathematician (knownas) values ('Muire Wharf');
insert into mathematician (knownas) values ('Dael Paxforde');
insert into mathematician (knownas) values ('Hebert Fausch');
insert into mathematician (knownas) values ('Greta McCulley');
insert into mathematician (knownas) values ('Ragnar Greenmon');
insert into mathematician (knownas) values ('Deny Lepick');
insert into mathematician (knownas) values ('Immanuel Lerigo');
insert into mathematician (knownas) values ('Davida Konerding');
insert into mathematician (knownas) values ('Elva Cliss');

insert into student values ('Gauss','Riemann');
insert into student values ('Leibniz','Bernoulli');
insert into student values ('Gauss','Dirichlet');
insert into student values ('Fourier','Dirichlet');
insert into student values ('Poisson','Dirichlet');
insert into student values ('Dirichlet','Riemann');
insert into student values ('Johann Bernoulli','Euler');
insert into student values ('Euler','Lagrange');
insert into student values ('Lagrange','Poisson');
insert into student values ('Gauss','Cantor');
insert into student values ('Gauss','Dedekind');
insert into student values ('Laplace','Poisson');
insert into student values ('Johann Bernoulli','l''Hopital');
insert into student values ('Legendre','Galois');
insert into student values ('Lagrange','Galois');
insert into student values ('Barrow','Newton');
insert into student values ('Bernoulli','Johann Bernoulli');
insert into student values ('Dirichlet','Dedekind');
insert into student values ('Gauss','Kirchhoff');
insert into student values ('Pfaff','Gauss');

insert into influence values ('Dirichlet','Riemann');
insert into influence values ('Euclid','Leibniz');
insert into influence values ('Leibniz','Riemann');
insert into influence values ('Leibniz','Lagrange');
insert into influence values ('Leibniz','Euler');
insert into influence values ('Newton','l''Hopital');
insert into influence values ('Leibniz','Gauss');
insert into influence values ('Lagrange','Galois');
insert into influence values ('Johann Bernoulli','l''Hopital');
insert into influence values ('Fourier','Dirichlet');
insert into influence values ('de Moivre','Bayes');
insert into influence values ('Fermat','Gauss');
insert into influence values ('Pascal','Leibniz');
insert into influence values ('Johann Bernoulli','Euler');
insert into influence values ('Legendre','Galois');
insert into influence values ('Lagrange','Fourier');
insert into influence values ('Gauss','Dedekind');
insert into influence values ('Euler','Monge');
insert into influence values ('Euler','Cauchy');
insert into influence values ('Dirichlet','Cauchy');
insert into influence values ('Gauss','Riemann');
insert into influence values ('Leibniz','Bernoulli');
insert into influence values ('Gauss','Dirichlet');
insert into influence values ('Poisson','Dirichlet');
insert into influence values ('Euler','Lagrange');
insert into influence values ('Lagrange','Poisson');
insert into influence values ('Gauss','Cantor');
insert into influence values ('Laplace','Poisson');
insert into influence values ('Barrow','Newton');
insert into influence values ('Bernoulli','Johann Bernoulli');
insert into influence values ('Dirichlet','Dedekind');
insert into influence values ('Gauss','Kirchhoff');
insert into influence values ('Pfaff','Gauss');

insert into publication values ('Disquisitiones Arithmeticae',1798,'Latin','Gauss');
insert into publication values ('Nova Methodus pro Maximis et Minimis',1684,'Latin','Leibniz');
insert into publication values ('Commercium philosophicum et mathematicum',1745,'Latin','Leibniz');
insert into publication values ('The Doctrine of Chances',1718,'English','de Moivre');
insert into publication values ('An Essay towards solving a Problem in the Doctrine of Chances',1763,'English','Bayes');
insert into publication values ('Theorematis arithmetici demonstratio nova',1808,'Latin','Gauss');
insert into publication values ('Theoria motus corporum coelestium in sectionibus conicis solem ambientum',1809,'Latin','Gauss');
insert into publication values ('An Essay on the Application of Mathematical Analysis to the Theories of Electricity and Magnetism',1828,'English','Green');
insert into publication values ('Vera Circuli et Hyperbolae Quadratura',1667,'Latin','James Gregory');
insert into publication values ('Theoremata arithmetica nova methodo demonstrata',1763,'Latin','Euler');
insert into publication values ('Analyse d''un Memoire sur la resolution algebrique des equations',1830,'French','Galois');
insert into publication values ('Rein analytischer Beweis des Lehrsatzes',1817,'German','Bolzano');
insert into publication values ('Cours d''analyse de l''Ecole Royale Polytechnique',1821,'French','Cauchy');
insert into publication values ('Reflexions sur la nouvelle theorie d''analyse',1814,'French','Argand');
insert into publication values ('Memoire sur les equations algebriques',1825,'French','Abel');
insert into publication values ('Teoria generale delle equazioni',1799,'Italian','Ruffini');
insert into publication values ('Method of Fluxions',1667,'English','Newton');
insert into publication values ('Notes on Arithmetica',1637,'Latin','Fermat');
insert into publication values ('Analyse des Infiniment Petits pour l''Intelligence des Lignes Courbes',1696,'French','l''Hopital');
insert into publication values ('Essai sur la theorie des nombres',1823,'French','Legendre');

insert into theorem (name, field, year, attributedto) values ('theorems of calculus','calculus',1693,'Leibniz');
insert into theorem (name, field, year, attributedto) values ('l''Hopital''s rule','calculus',1696,'l''Hopital');
insert into theorem (name, field, year, attributedto) values ('prime number theorem','number theory',1796,'Legendre');
insert into theorem (name, field, year, attributedto) values ('Gauss-Markov theorem','statistics',1795,'Gauss');
insert into theorem values ('fundamental theorem of arithmetic','unique factorization theorem','number theory',1798,'Gauss');
insert into theorem (name, field, year, attributedto) values ('Euler''s theorem','number theory',1763,'Euler');
insert into theorem (name, field, year, attributedto) values ('de Moivre-Laplace theorem','statistics',1738,'de Moivre');
insert into theorem (name, field, year, attributedto) values ('Bayes'' theorem','statistics',1761,'Bayes');
insert into theorem values ('divergence theorem','Gauss''s theorem','calculus',1762,'Lagrange');
insert into theorem (name, field, year, attributedto) values ('fundamental theorem of algebra','algebra',1799,'Gauss');
insert into theorem (name, field, year, attributedto) values ('Abel-Ruffini theorem','algebra',1826,'Abel');
insert into theorem values ('Cauchy integral theorem','Cauchy-Goursat theorem','calculus',1822,'Cauchy');
insert into theorem (name, field, year, attributedto) values ('intermediate value theorem','calculus',1817,'Bolzano');
insert into theorem (name, field, year, attributedto) values ('Cauchy integral theorem for general integration paths','analysis',1825,'Cauchy');
insert into theorem (name, field, year, attributedto) values ('Green''s theorem','calculus',1828,'Green');
insert into theorem (name, field, year, attributedto) values ('Dirichlet''s theorem on arithmetic progressions','number theory',1835,'Dirichlet');
insert into theorem (name, field, year, attributedto) values ('Fermat''s last theorem','number theory',1637,'Fermat');
insert into theorem (name, field, year, attributedto) values ('fundamental theorem of calculus','calculus',1665,'Newton');
insert into theorem (name, field, year, attributedto) values ('Taylor''s theorem','calculus',1671,'James Gregory');
insert into theorem (name, field, year, attributedto) values ('Sophie Germain''s theorem','number theory',1823,'Legendre');
insert into theorem (name, field, attributedto) values ('Fermat''s little theorem','number theory','Fermat');
insert into theorem (name, field, attributedto) values ('Euclid''s theorems','number theory','Euclid');
insert into theorem (name, field, attributedto) values ('Pythagorean theorem','geometry','Pythagoras');
insert into theorem (name, field, attributedto) values ('Carmichael''s theorem','number theory','Carmichael');
insert into theorem (name, othername, field, attributedto) values ('Stokes'' theorem','Kelvin-Stokes theorem','calculus','Stokes');
insert into theorem (name, field, attributedto) values ('Wilson''s theorem','number theory','Wilson');
insert into theorem (name, field, attributedto) values ('central limit theorem','statistics','Levy');
insert into theorem (name, field, attributedto) values ('Euclid-Euler theorem','number theory','Euler');

insert into controversy_collaboration values ('Leibniz','theorems of calculus');
insert into controversy_collaboration values ('Newton','theorems of calculus');
insert into controversy_collaboration values ('Barrow','fundamental theorem of calculus');
insert into controversy_collaboration values ('Newton','fundamental theorem of calculus');
insert into controversy_collaboration values ('James Gregory','fundamental theorem of calculus');
insert into controversy_collaboration values ('Legendre','Sophie Germain''s theorem');
insert into controversy_collaboration values ('Germain','Sophie Germain''s theorem');
insert into controversy_collaboration values ('l''Hopital','l''Hopital''s rule');
insert into controversy_collaboration values ('Johann Bernoulli','l''Hopital''s rule');
insert into controversy_collaboration values ('Dirichlet','prime number theorem');
insert into controversy_collaboration values ('Legendre','prime number theorem');
insert into controversy_collaboration values ('Laplace','de Moivre-Laplace theorem');
insert into controversy_collaboration values ('de Moivre','de Moivre-Laplace theorem');
insert into controversy_collaboration values ('Abel','Abel-Ruffini theorem');
insert into controversy_collaboration values ('Ruffini','Abel-Ruffini theorem');
insert into controversy_collaboration values ('Gauss','divergence theorem');
insert into controversy_collaboration values ('Lagrange','divergence theorem');
insert into controversy_collaboration values ('Ostrogradsky','divergence theorem');
insert into controversy_collaboration values ('Gauss','Gauss-Markov theorem');
insert into controversy_collaboration values ('Markov','Gauss-Markov theorem');
insert into controversy_collaboration values ('Gauss','fundamental theorem of algebra');
insert into controversy_collaboration values ('Argand','fundamental theorem of algebra');
insert into controversy_collaboration values ('Levy','central limit theorem');
insert into controversy_collaboration values ('Lindeberg','central limit theorem');

insert into institution values ('University of Cambridge','UK',1209);
insert into institution values ('University of Gottingen','Germany',1734);
insert into institution values ('University of Altdorf','Germany',1578);
insert into institution values ('University of Helmstedt','Germany',1576);
insert into institution values ('University of Basel','Switzerland',1460);
insert into institution values ('University of Berlin','Germany',1809);
insert into institution values ('Imperial Russian Acedemy of Sciences','Russia',1724);
insert into institution values ('Prussian Acedemy of Sciences','Germany',1700);
insert into institution values ('French Academy of Sciences','France',1666);
insert into institution values ('Ecole Normale Superieure','France',1794);
insert into institution values ('Ecole Polytechnique','France',1794);
insert into institution values ('University of Groningen','Netherlands',1614);
insert into institution values ('Ecole Militaire','France',1750);
insert into institution values ('University of Caen','France',1432);
insert into institution values ('University of Edinburgh','UK',1582);
insert into institution values ('University of Orleans','France',1306);
insert into institution values ('University of Breslau','Poland',1702);
insert into institution values ('Ecole Centrale du Pantheon','France',1796);
insert into institution values ('Ecole Nationale des Ponts et Chaussees','France',1747);
insert into institution values ('Collegium Carolinum','Germany',1745);

insert into affiliation values ('Newton','University of Cambridge');
insert into affiliation values ('Gauss','University of Gottingen');
insert into affiliation values ('Gauss','University of Helmstedt');
insert into affiliation values ('Leibniz','University of Altdorf');
insert into affiliation values ('Bernoulli','University of Basel');
insert into affiliation values ('Riemann','University of Gottingen');
insert into affiliation values ('Riemann','University of Berlin');
insert into affiliation values ('Euler','Imperial Russian Acedemy of Sciences');
insert into affiliation values ('Euler','Prussian Acedemy of Sciences');
insert into affiliation values ('l''Hopital','French Academy of Sciences');
insert into affiliation values ('Lagrange','Ecole Normale Superieure');
insert into affiliation values ('Lagrange','Ecole Polytechnique');
insert into affiliation values ('Johann Bernoulli','University of Groningen');
insert into affiliation values ('Johann Bernoulli','University of Basel');
insert into affiliation values ('Laplace','Ecole Militaire');
insert into affiliation values ('Laplace','University of Caen');
insert into affiliation values ('Bayes','University of Edinburgh');
insert into affiliation values ('Fermat','University of Orleans');
insert into affiliation values ('Monge','French Academy of Sciences');
insert into affiliation values ('Lambert','Prussian Acedemy of Sciences');
insert into affiliation values ('Legendre','Ecole Militaire');
insert into affiliation values ('Legendre','Ecole Polytechnique');
insert into affiliation values ('Legendre','Ecole Normale Superieure');
insert into affiliation values ('Fourier','Ecole Normale Superieure');
insert into affiliation values ('Fourier','Ecole Polytechnique');
insert into affiliation values ('Galois','Ecole Normale Superieure');
insert into affiliation values ('Dirichlet','University of Breslau');
insert into affiliation values ('Dirichlet','University of Berlin');
insert into affiliation values ('Dirichlet','University of Gottingen');
insert into affiliation values ('Cauchy','Ecole Polytechnique');
insert into affiliation values ('Cauchy','Ecole Centrale du Pantheon');
insert into affiliation values ('Cauchy','Ecole Nationale des Ponts et Chaussees');
insert into affiliation values ('Gauss','Collegium Carolinum');

insert into featured values ('theorems of calculus','Nova Methodus pro Maximis et Minimis');
insert into featured values ('Fermat''s little theorem','Disquisitiones Arithmeticae');
insert into featured values ('Wilson''s theorem','Disquisitiones Arithmeticae');
insert into featured values ('fundamental theorem of arithmetic','Disquisitiones Arithmeticae');
insert into featured values ('de Moivre-Laplace theorem','The Doctrine of Chances');
insert into featured values ('Sophie Germain''s theorem','Essai sur la theorie des nombres');
insert into featured values ('l''Hopital''s rule','Analyse des Infiniment Petits pour l''Intelligence des Lignes Courbes');
insert into featured values ('Fermat''s last theorem','Notes on Arithmetica');
insert into featured values ('Gauss-Markov theorem','Theoria motus corporum coelestium in sectionibus conicis solem ambientum');
insert into featured values ('Green''s theorem','An Essay on the Application of Mathematical Analysis to the Theories of Electricity and Magnetism');
insert into featured values ('Taylor''s theorem','Vera Circuli et Hyperbolae Quadratura');
insert into featured values ('Euler''s theorem','Theoremata arithmetica nova methodo demonstrata');
insert into featured values ('Abel-Ruffini theorem','Teoria generale delle equazioni');
insert into featured values ('Abel-Ruffini theorem','Memoire sur les equations algebriques');
insert into featured values ('fundamental theorem of algebra','Reflexions sur la nouvelle theorie d''analyse');
insert into featured values ('fundamental theorem of algebra','Cours d''analyse de l''Ecole Royale Polytechnique');
insert into featured values ('intermediate value theorem','Rein analytischer Beweis des Lehrsatzes');
insert into featured values ('Dirichlet''s theorem on arithmetic progressions','Disquisitiones Arithmeticae');
insert into featured values ('Fermat''s last theorem','Disquisitiones Arithmeticae');
insert into featured values ('theorems of calculus','Method of Fluxions');

insert into buildon (theorem1, theorem2) values ('fundamental theorem of arithmetic','Euclid''s theorems');
insert into buildon (theorem1, theorem2) values ('Euler''s theorem','Fermat''s little theorem');
insert into buildon (theorem1, theorem2) values ('Euclid-Euler theorem','Euclid''s theorems');
insert into buildon (theorem1, theorem2) values ('central limit theorem','de Moivre-Laplace theorem');
insert into buildon (theorem1, theorem2) values ('Dirichlet''s theorem on arithmetic progressions','Euclid''s theorems');
insert into buildon (theorem1, theorem2) values ('Sophie Germain''s theorem','Fermat''s last theorem');
insert into buildon (theorem1, theorem2) values ('Fermat''s last theorem','Pythagorean theorem');
insert into buildon (theorem1, theorem2) values ('prime number theorem','Cauchy integral theorem');
insert into buildon (theorem1, theorem2) values ('Cauchy integral theorem','Green''s theorem');
insert into buildon (theorem1, theorem2) values ('Cauchy integral theorem','fundamental theorem of calculus');
insert into buildon (theorem1, theorem2) values ('intermediate value theorem','fundamental theorem of calculus');
insert into buildon (theorem1, theorem2) values ('l''Hopital''s rule','fundamental theorem of calculus');
insert into buildon (theorem1, theorem2) values ('Carmichael''s theorem','Euler''s theorem');
insert into buildon (theorem1, theorem2) values ('divergence theorem','fundamental theorem of calculus');
insert into buildon (theorem1, theorem2) values ('Carmichael''s theorem','fundamental theorem of arithmetic');
insert into buildon (theorem1, theorem2) values ('Stokes'' theorem','fundamental theorem of calculus');
insert into buildon (theorem1, theorem2) values ('Stokes'' theorem','Green''s theorem');
insert into buildon (theorem1, theorem2) values ('Green''s theorem','fundamental theorem of calculus');
insert into buildon (theorem1, theorem2) values ('Abel-Ruffini theorem','fundamental theorem of algebra');
insert into buildon (theorem1, theorem2) values ('Taylor''s theorem','fundamental theorem of calculus');